Air Temperature,Humidity,pH,Conductivity,Lights Membership,Fans Membership,pH Membership,EC Membership,Lights Status,Fans Status,pH Control Status,EC Control Status

14,17,5.76,3.02,2.019268635724332,0.3541847041847041,1.542851171816689,1.5743263614094596,Medium,Off,Add Alkali,Add Water

14,17,5.76,3.02,2.019268635724332,0.3541847041847041,1.542851171816689,1.5743263614094596,Medium,Off,Add Alkali,Add Water

14,17,5.76,3.02,2.019268635724332,0.3541847041847041,1.542851171816689,1.5743263614094596,Medium,Off,Add Alkali,Add Water

14,17,5.76,3.02,2.019268635724332,0.3541847041847041,1.542851171816689,1.5743263614094596,Medium,Off,Add Alkali,Add Water

14,17,5.76,3.02,2.019268635724332,0.3541847041847041,1.542851171816689,1.5743263614094596,Medium,Off,Add Alkali,Add Water

29,96,7.49,4.05,0.395169082125604,0.6048309178743962,0.9809508196721312,1.6397223466188982,Off,On,No Action,Add Water

29,96,7.49,4.05,0.395169082125604,0.6048309178743962,0.9809508196721312,1.6397223466188982,Off,On,No Action,Add Water

5,90,4.73,2.84,2.638888888888889,0.6388888888888888,1.5758417569926522,1.560683294716278,High,On,Add Alkali,Add Water

5,90,4.73,2.84,2.638888888888889,0.6388888888888888,1.5758417569926522,1.560683294716278,High,On,Add Alkali,Add Water

5,90,4.73,2.84,2.638888888888889,0.6388888888888888,1.5758417569926522,1.560683294716278,High,On,Add Alkali,Add Water

15,78,1.18,1.48,2.0,0.6016129032258065,1.6585609500523928,0.4304513611776182,Medium,On,Add Alkali,Add Salts

15,78,1.18,1.48,2.0,0.6016129032258065,1.6585609500523928,0.4304513611776182,Medium,On,Add Alkali,Add Salts

9,73,10.83,1.42,2.5759950248756223,0.5759950248756218,0.38038535374818555,0.42426046176046167,High,On,Add Acid,Add Salts

9,73,10.83,1.42,2.5759950248756223,0.5759950248756218,0.38038535374818555,0.42426046176046167,High,On,Add Acid,Add Salts

9,73,10.83,1.42,2.5759950248756223,0.5759950248756218,0.38038535374818555,0.42426046176046167,High,On,Add Acid,Add Salts

25,97,4.67,1.73,0.4222222222222223,0.5777777777777777,1.577676174154323,0.4573707986240623,Off,On,Add Alkali,Add Salts

25,97,4.67,1.73,0.4222222222222223,0.5777777777777777,1.577676174154323,0.4573707986240623,Off,On,Add Alkali,Add Salts

24,95,3.15,3.89,0.4294117647058823,0.5705882352941177,1.6201149425287356,1.631349786453407,Off,On,Add Alkali,Add Water

24,95,3.15,3.89,0.4294117647058823,0.5705882352941177,1.6201149425287356,1.631349786453407,Off,On,Add Alkali,Add Water

1,50,5.35,1.16,2.54040404040404,0.4595959595959596,1.5563042220936958,0.3988509105073522,High,Off,Add Alkali,Add Salts

1,50,5.35,1.16,2.54040404040404,0.4595959595959596,1.5563042220936958,0.3988509105073522,High,Off,Add Alkali,Add Salts

1,50,5.35,1.16,2.54040404040404,0.4595959595959596,1.5563042220936958,0.3988509105073522,High,Off,Add Alkali,Add Salts

7,76,5.92,2.44,2.591666666666667,0.5916666666666667,1.5374966828836798,1.5287019493916045,High,On,Add Alkali,Add Water

7,76,5.92,2.44,2.591666666666667,0.5916666666666667,1.5374966828836798,1.5287019493916045,High,On,Add Alkali,Add Water

31,86,5.72,4.86,0.38282828282828285,0.6171717171717171,1.5441808924827791,1.6659255898366603,Off,On,Add Alkali,Add Water

31,86,5.72,4.86,0.38282828282828285,0.6171717171717171,1.5441808924827791,1.6659255898366603,Off,On,Add Alkali,Add Water

31,86,5.72,4.86,0.38282828282828285,0.6171717171717171,1.5441808924827791,1.6659255898366603,Off,On,Add Alkali,Add Water

7,31,11.33,1.88,2.607997557997558,0.39200244200244194,0.36843896193430836,0.973274074074074,High,Off,Add Acid,No Action

7,31,11.33,1.88,2.607997557997558,0.39200244200244194,0.36843896193430836,0.973274074074074,High,Off,Add Acid,No Action

33,25,7.98,2.95,0.37418300653594766,0.37418300653594766,0.6049757815940091,1.569081620805759,Off,Off,No Action,Add Water

33,25,7.98,2.95,0.37418300653594766,0.37418300653594766,0.6049757815940091,1.569081620805759,Off,Off,No Action,Add Water

33,25,7.98,2.95,0.37418300653594766,0.37418300653594766,0.6049757815940091,1.569081620805759,Off,Off,No Action,Add Water

32,35,10.25,2.83,0.40497076023391815,0.40497076023391815,0.3956256921373201,1.559910675825795,Off,Off,Add Acid,Add Water

32,35,10.25,2.83,0.40497076023391815,0.40497076023391815,0.3956256921373201,1.559910675825795,Off,Off,Add Acid,Add Water

39,6,6.26,2.93,0.34444444444444444,0.34444444444444444,1.0269269588313412,1.5675686301718357,Off,Off,No Action,Add Water

39,6,6.26,2.93,0.34444444444444444,0.34444444444444444,1.0269269588313412,1.5675686301718357,Off,Off,No Action,Add Water

39,6,6.26,2.93,0.34444444444444444,0.34444444444444444,1.0269269588313412,1.5675686301718357,Off,Off,No Action,Add Water

4,56,5.76,4.63,2.0186046511627906,0.37142857142857144,1.542851171816689,1.6618545467327497,Medium,Off,Add Alkali,Add Water

4,56,5.76,4.63,2.0186046511627906,0.37142857142857144,1.542851171816689,1.6618545467327497,Medium,Off,Add Alkali,Add Water

41,12,13.09,3.28,0.34444444444444444,0.34444444444444444,0.33831858407079646,1.5930636413395034,Off,Off,Add Acid,Add Water

41,12,13.09,3.28,0.34444444444444444,0.34444444444444444,0.33831858407079646,1.5930636413395034,Off,Off,Add Acid,Add Water

41,12,13.09,3.28,0.34444444444444444,0.34444444444444444,0.33831858407079646,1.5930636413395034,Off,Off,Add Acid,Add Water

22,22,13.18,4.71,0.4442348008385744,0.4442348008385744,0.33742784070149795,1.6636363636363634,Off,Off,Add Acid,Add Water

22,22,13.18,4.71,0.4442348008385744,0.4442348008385744,0.33742784070149795,1.6636363636363634,Off,Off,Add Acid,Add Water

4,51,7.95,4.11,2.122884283246978,0.46351351351351344,0.7546952666544261,1.6426439814393592,Medium,Off,No Action,Add Water

4,51,7.95,4.11,2.122884283246978,0.46351351351351344,0.7546952666544261,1.6426439814393592,Medium,Off,No Action,Add Water

4,51,7.95,4.11,2.122884283246978,0.46351351351351344,0.7546952666544261,1.6426439814393592,Medium,Off,No Action,Add Water

31,52,2.54,4.0,0.45185185185185184,0.45185185185185184,1.634463412199261,1.63719422340112,Off,Off,Add Alkali,Add Water

31,52,2.54,4.0,0.45185185185185184,0.45185185185185184,1.634463412199261,1.63719422340112,Off,Off,Add Alkali,Add Water

34,64,12.83,2.03,0.37142857142857144,0.4,0.3413120009325639,0.9900740740740741,Off,Off,Add Acid,No Action

34,64,12.83,2.03,0.37142857142857144,0.4,0.3413120009325639,0.9900740740740741,Off,Off,Add Acid,No Action

9,80,10.29,4.55,2.591666666666667,0.5916666666666667,0.39453159041394337,1.6597186481386172,High,On,Add Acid,Add Water

9,80,10.29,4.55,2.591666666666667,0.5916666666666667,0.39453159041394337,1.6597186481386172,High,On,Add Acid,Add Water

9,80,10.29,4.55,2.591666666666667,0.5916666666666667,0.39453159041394337,1.6597186481386172,High,On,Add Acid,Add Water

8,61,9.44,4.29,2.006828391734052,0.4023767082590612,0.4189883012028341,1.6506161046900372,Medium,Off,Add Acid,Add Water

8,61,9.44,4.29,2.006828391734052,0.4023767082590612,0.4189883012028341,1.6506161046900372,Medium,Off,Add Acid,Add Water

27,65,12.88,2.95,0.40833333333333327,0.44154589371980674,0.3406896551724138,1.569081620805759,Off,Off,Add Acid,Add Water

27,65,12.88,2.95,0.40833333333333327,0.44154589371980674,0.3406896551724138,1.569081620805759,Off,Off,Add Acid,Add Water

27,65,12.88,2.95,0.40833333333333327,0.44154589371980674,0.3406896551724138,1.569081620805759,Off,Off,Add Acid,Add Water

10,59,1.39,2.64,2.0044223327805417,0.4222222222222223,1.6557006640558487,1.5449586993575457,Medium,Off,Add Alkali,Add Water

10,59,1.39,2.64,2.0044223327805417,0.4222222222222223,1.6557006640558487,1.5449586993575457,Medium,Off,Add Alkali,Add Water

35,28,1.88,2.86,0.38282828282828285,0.38282828282828285,1.6477134277134275,1.5622240467068054,Off,Off,Add Alkali,Add Water

35,28,1.88,2.86,0.38282828282828285,0.38282828282828285,1.6477134277134275,1.5622240467068054,Off,Off,Add Alkali,Add Water

35,28,1.88,2.86,0.38282828282828285,0.38282828282828285,1.6477134277134275,1.5622240467068054,Off,Off,Add Alkali,Add Water

42,37,7.68,1.74,0.4117411225658648,0.4117411225658648,0.9748980716253443,0.4584821428571429,Off,Off,No Action,Add Salts

42,37,7.68,1.74,0.4117411225658648,0.4117411225658648,0.9748980716253443,0.4584821428571429,Off,Off,No Action,Add Salts

18,44,12.16,2.05,1.7400797607178464,0.4367521367521368,0.35157078215901744,0.9927048260381592,Medium,Off,Add Acid,No Action

18,44,12.16,2.05,1.7400797607178464,0.4367521367521368,0.35157078215901744,0.9927048260381592,Medium,Off,Add Acid,No Action

18,44,12.16,2.05,1.7400797607178464,0.4367521367521368,0.35157078215901744,0.9927048260381592,Medium,Off,Add Acid,No Action

40,37,1.11,4.71,0.4117411225658648,0.4117411225658648,1.659432211848981,1.6636363636363634,Off,Off,Add Alkali,Add Water

40,37,1.11,4.71,0.4117411225658648,0.4117411225658648,1.659432211848981,1.6636363636363634,Off,Off,Add Alkali,Add Water

28,88,4.14,4.68,0.40165484633569737,0.5983451536643026,1.593401726938531,1.6630113514671234,Off,On,Add Alkali,Add Water

28,88,4.14,4.68,0.40165484633569737,0.5983451536643026,1.593401726938531,1.6630113514671234,Off,On,Add Alkali,Add Water

28,88,4.14,4.68,0.40165484633569737,0.5983451536643026,1.593401726938531,1.6630113514671234,Off,On,Add Alkali,Add Water

24,97,3.71,2.71,0.4294117647058823,0.5705882352941177,1.6054684095860565,1.5505259894137708,Off,On,Add Alkali,Add Water

24,97,3.71,2.71,0.4294117647058823,0.5705882352941177,1.6054684095860565,1.5505259894137708,Off,On,Add Alkali,Add Water

29,30,13.98,2.73,0.395169082125604,0.395169082125604,0.33333604666938,1.5521043153471619,Off,Off,Add Acid,Add Water

29,30,13.98,2.73,0.395169082125604,0.395169082125604,0.33333604666938,1.5521043153471619,Off,Off,Add Acid,Add Water

38,91,4.98,3.91,0.348048048048048,0.6519519519519519,1.5680880833134587,1.6324402961426554,Off,On,Add Alkali,Add Water

38,91,4.98,3.91,0.348048048048048,0.6519519519519519,1.5680880833134587,1.6324402961426554,Off,On,Add Alkali,Add Water

38,91,4.98,3.91,0.348048048048048,0.6519519519519519,1.5680880833134587,1.6324402961426554,Off,On,Add Alkali,Add Water

35,40,13.41,1.09,0.4222222222222223,0.4222222222222223,0.3355172846477194,0.392451609692989,Off,Off,Add Acid,Add Salts

35,40,13.41,1.09,0.4222222222222223,0.4222222222222223,0.3355172846477194,0.392451609692989,Off,Off,Add Acid,Add Salts

23,70,6.33,1.3,0.4404761904761905,0.5595238095238095,1.0247941787941786,0.41223155929038285,Off,On,No Action,Add Salts

23,70,6.33,1.3,0.4404761904761905,0.5595238095238095,1.0247941787941786,0.41223155929038285,Off,On,No Action,Add Salts

23,70,6.33,1.3,0.4404761904761905,0.5595238095238095,1.0247941787941786,0.41223155929038285,Off,On,No Action,Add Salts

29,25,4.12,4.98,0.395169082125604,0.395169082125604,1.5939773895169578,1.666650921114785,Off,Off,Add Alkali,Add Water

29,25,4.12,4.98,0.395169082125604,0.395169082125604,1.5939773895169578,1.666650921114785,Off,Off,Add Alkali,Add Water

19,63,5.27,3.93,1.224053422242661,0.471111111111111,1.5588819032095318,1.6335186311126553,Low,Off,Add Alkali,Add Water

19,63,5.27,3.93,1.224053422242661,0.471111111111111,1.5588819032095318,1.6335186311126553,Low,Off,Add Alkali,Add Water

19,63,5.27,3.93,1.224053422242661,0.471111111111111,1.5588819032095318,1.6335186311126553,Low,Off,Add Alkali,Add Water

12,41,12.01,2.53,2.0501557632398755,0.4257975797579758,0.35430955029397737,1.5360795393737023,Medium,Off,Add Acid,Add Water

12,41,12.01,2.53,2.0501557632398755,0.4257975797579758,0.35430955029397737,1.5360795393737023,Medium,Off,Add Acid,Add Water

30,72,8.39,4.54,0.4294117647058823,0.5705882352941177,0.4521811865110834,1.6594280240831965,Off,On,Add Acid,Add Water

30,72,8.39,4.54,0.4294117647058823,0.5705882352941177,0.4521811865110834,1.6594280240831965,Off,On,Add Acid,Add Water

30,72,8.39,4.54,0.4294117647058823,0.5705882352941177,0.4521811865110834,1.6594280240831965,Off,On,Add Acid,Add Water

14,35,1.04,1.24,2.017754868270332,0.40497076023391815,1.6602606017531392,0.40640623514875013,Medium,Off,Add Alkali,Add Salts

14,35,1.04,1.24,2.017754868270332,0.40497076023391815,1.6602606017531392,0.40640623514875013,Medium,Off,Add Alkali,Add Salts

35,20,2.42,4.35,0.3611111111111111,0.3611111111111111,1.6370619755333131,1.652986886838271,Off,Off,Add Alkali,Add Water

35,20,2.42,4.35,0.3611111111111111,0.3611111111111111,1.6370619755333131,1.652986886838271,Off,Off,Add Alkali,Add Water

35,20,2.42,4.35,0.3611111111111111,0.3611111111111111,1.6370619755333131,1.652986886838271,Off,Off,Add Alkali,Add Water

24,12,6.83,2.18,0.4294117647058823,0.4294117647058823,1.0074300100704934,1.0078048780487805,Off,Off,No Action,No Action

24,12,6.83,2.18,0.4294117647058823,0.4294117647058823,1.0074300100704934,1.0078048780487805,Off,Off,No Action,No Action

36,65,1.66,2.26,0.38888888888888884,0.4230769230769231,1.651514351699109,1.0140880503144654,Off,Off,Add Alkali,No Action

36,65,1.66,2.26,0.38888888888888884,0.4230769230769231,1.651514351699109,1.0140880503144654,Off,Off,Add Alkali,No Action

36,65,1.66,2.26,0.38888888888888884,0.4230769230769231,1.651514351699109,1.0140880503144654,Off,Off,Add Alkali,No Action

8,27,8.58,4.19,2.6048309178743967,0.395169082125604,0.4459642665439767,1.6463394987142548,High,Off,Add Acid,Add Water

8,27,8.58,4.19,2.6048309178743967,0.395169082125604,0.4459642665439767,1.6463394987142548,High,Off,Add Acid,Add Water

12,37,11.37,4.42,2.050809061488674,0.4117411225658648,0.36753646837758985,1.6555555555555554,Medium,Off,Add Acid,Add Water

12,37,11.37,4.42,2.050809061488674,0.4117411225658648,0.36753646837758985,1.6555555555555554,Medium,Off,Add Acid,Add Water

26,80,5.89,2.56,0.41519274376417237,0.5848072562358276,1.538504931840851,1.5385165095354945,Off,On,Add Alkali,Add Water

26,80,5.89,2.56,0.41519274376417237,0.5848072562358276,1.538504931840851,1.5385165095354945,Off,On,Add Alkali,Add Water

26,80,5.89,2.56,0.41519274376417237,0.5848072562358276,1.538504931840851,1.5385165095354945,Off,On,Add Alkali,Add Water

23,42,4.87,3.86,0.4367521367521368,0.4367521367521368,1.5715212420267184,1.6296915898486397,Off,Off,Add Alkali,Add Water

23,42,4.87,3.86,0.4367521367521368,0.4367521367521368,1.5715212420267184,1.6296915898486397,Off,Off,Add Alkali,Add Water

39,47,11.77,3.77,0.4480269989615784,0.4480269989615784,0.3589893205386163,1.624560964070023,Off,Off,Add Acid,Add Water

39,47,11.77,3.77,0.4480269989615784,0.4480269989615784,0.3589893205386163,1.624560964070023,Off,Off,Add Acid,Add Water

39,47,11.77,3.77,0.4480269989615784,0.4480269989615784,0.3589893205386163,1.624560964070023,Off,Off,Add Acid,Add Water

40,77,3.6,2.76,0.4033068783068783,0.5966931216931217,1.6084456424079066,1.5544612907554005,Off,On,Add Alkali,Add Water

40,77,3.6,2.76,0.4033068783068783,0.5966931216931217,1.6084456424079066,1.5544612907554005,Off,On,Add Alkali,Add Water

22,43,3.4,2.0,0.4442348008385744,0.4442348008385744,1.6137362637362636,0.9863547758284601,Off,Off,Add Alkali,No Action

22,43,3.4,2.0,0.4442348008385744,0.4442348008385744,1.6137362637362636,0.9863547758284601,Off,Off,Add Alkali,No Action

22,43,3.4,2.0,0.4442348008385744,0.4442348008385744,1.6137362637362636,0.9863547758284601,Off,Off,Add Alkali,No Action

38,68,13.23,4.29,0.45185185185185184,0.5,0.33696696696696693,1.6506161046900372,Off,On,Add Acid,Add Water

38,68,13.23,4.29,0.45185185185185184,0.5,0.33696696696696693,1.6506161046900372,Off,On,Add Acid,Add Water

8,38,2.47,2.58,2.5848072562358277,0.41519274376417237,1.6359888369286468,1.5401348198081413,High,Off,Add Alkali,Add Water

8,38,2.47,2.58,2.5848072562358277,0.41519274376417237,1.6359888369286468,1.5401348198081413,High,Off,Add Alkali,Add Water

8,38,2.47,2.58,2.5848072562358277,0.41519274376417237,1.6359888369286468,1.5401348198081413,High,Off,Add Alkali,Add Water

22,67,1.93,1.07,0.4442348008385744,0.487315212207916,1.6468037114061749,0.39066145911571776,Off,Off,Add Alkali,Add Salts

22,67,1.93,1.07,0.4442348008385744,0.487315212207916,1.6468037114061749,0.39066145911571776,Off,Off,Add Alkali,Add Salts

22,20,3.97,1.18,0.4442348008385744,0.4442348008385744,1.5982510743586404,0.4007162214479288,Off,Off,Add Alkali,Add Salts

22,20,3.97,1.18,0.4442348008385744,0.4442348008385744,1.5982510743586404,0.4007162214479288,Off,Off,Add Alkali,Add Salts

22,20,3.97,1.18,0.4442348008385744,0.4442348008385744,1.5982510743586404,0.4007162214479288,Off,Off,Add Alkali,Add Salts

10,66,6.77,3.46,2.038277511961722,0.46075433231396545,1.009797516714422,1.6052707880294086,Medium,Off,No Action,Add Water

10,66,6.77,3.46,2.038277511961722,0.46075433231396545,1.009797516714422,1.6052707880294086,Medium,Off,No Action,Add Water

26,17,13.91,4.07,0.41519274376417237,0.41519274376417237,0.3333877359124185,1.6407100627232076,Off,Off,Add Acid,Add Water

26,17,13.91,4.07,0.41519274376417237,0.41519274376417237,0.3333877359124185,1.6407100627232076,Off,Off,Add Acid,Add Water

26,17,13.91,4.07,0.41519274376417237,0.41519274376417237,0.3333877359124185,1.6407100627232076,Off,Off,Add Acid,Add Water

37,90,7.38,3.11,0.35204678362573094,0.647953216374269,0.9846971235194586,1.5809492957070526,Off,On,No Action,Add Water

37,90,7.38,3.11,0.35204678362573094,0.647953216374269,0.9846971235194586,1.5809492957070526,Off,On,No Action,Add Water

25,92,11.17,2.52,0.4222222222222223,0.5777777777777777,0.3721305042871676,1.5352647096526084,Off,On,Add Acid,Add Water

25,92,11.17,2.52,0.4222222222222223,0.5777777777777777,0.3721305042871676,1.5352647096526084,Off,On,Add Acid,Add Water

25,92,11.17,2.52,0.4222222222222223,0.5777777777777777,0.3721305042871676,1.5352647096526084,Off,On,Add Acid,Add Water

26,35,1.84,2.03,0.41519274376417237,0.41519274376417237,1.6484292178409825,0.9900740740740741,Off,Off,Add Alkali,No Action

26,35,1.84,2.03,0.41519274376417237,0.41519274376417237,1.6484292178409825,0.9900740740740741,Off,Off,Add Alkali,No Action

2,11,2.57,4.04,2.657198748043819,0.3428012519561815,1.633801562422252,1.6392233934846046,High,Off,Add Alkali,Add Water

2,11,2.57,4.04,2.657198748043819,0.3428012519561815,1.633801562422252,1.6392233934846046,High,Off,Add Alkali,Add Water

24,11,8.0,4.8,0.4294117647058823,0.4294117647058823,0.4652014652014651,1.6651835372636263,Off,Off,Add Acid,Add Water

24,11,8.0,4.8,0.4294117647058823,0.4294117647058823,0.4652014652014651,1.6651835372636263,Off,Off,Add Acid,Add Water

24,11,8.0,4.8,0.4294117647058823,0.4294117647058823,0.4652014652014651,1.6651835372636263,Off,Off,Add Acid,Add Water

43,92,4.48,4.85,0.34444444444444444,0.6555555555555554,1.5834146341463413,1.6658187299792726,Off,On,Add Alkali,Add Water

43,92,4.48,4.85,0.34444444444444444,0.6555555555555554,1.5834146341463413,1.6658187299792726,Off,On,Add Alkali,Add Water

37,80,12.86,3.01,0.38888888888888884,0.611111111111111,0.34093600093600096,1.5735820228944832,Off,On,Add Acid,Add Water

37,80,12.86,3.01,0.38888888888888884,0.611111111111111,0.34093600093600096,1.5735820228944832,Off,On,Add Acid,Add Water

37,80,12.86,3.01,0.38888888888888884,0.611111111111111,0.34093600093600096,1.5735820228944832,Off,On,Add Acid,Add Water

12,89,8.3,4.61,2.0509803921568626,0.5916666666666667,0.45515560554930634,1.6613527582713203,Medium,On,Add Acid,Add Water

12,89,8.3,4.61,2.0509803921568626,0.5916666666666667,0.45515560554930634,1.6613527582713203,Medium,On,Add Acid,Add Water

13,84,2.25,2.74,2.0363636363636366,0.6285714285714287,1.640604890604891,1.5528913837654816,Medium,On,Add Alkali,Add Water

13,84,2.25,2.74,2.0363636363636366,0.6285714285714287,1.640604890604891,1.5528913837654816,Medium,On,Add Alkali,Add Water

13,84,2.25,2.74,2.0363636363636366,0.6285714285714287,1.640604890604891,1.5528913837654816,Medium,On,Add Alkali,Add Water

2,45,9.0,3.58,2.5595238095238098,0.4404761904761905,0.4325396825396825,1.6130161770966365,High,Off,Add Acid,Add Water

2,45,9.0,3.58,2.5595238095238098,0.4404761904761905,0.4325396825396825,1.6130161770966365,High,Off,Add Acid,Add Water

8,23,6.82,2.23,2.6048309178743967,0.395169082125604,1.0078323353293415,1.0118384879725089,High,Off,No Action,No Action

8,23,6.82,2.23,2.6048309178743967,0.395169082125604,1.0078323353293415,1.0118384879725089,High,Off,No Action,No Action

8,23,6.82,2.23,2.6048309178743967,0.395169082125604,1.0078323353293415,1.0118384879725089,High,Off,No Action,No Action

16,46,13.94,2.04,1.888902760438341,0.4442348008385744,0.33335761500067446,0.9913725490196079,Medium,Off,Add Acid,No Action

16,46,13.94,2.04,1.888902760438341,0.4442348008385744,0.33335761500067446,0.9913725490196079,Medium,Off,Add Acid,No Action

8,96,5.67,2.31,2.6048309178743967,0.6048309178743962,1.5458379373848987,1.5178767503546973,High,On,Add Alkali,Add Water

8,96,5.67,2.31,2.6048309178743967,0.6048309178743962,1.5458379373848987,1.5178767503546973,High,On,Add Alkali,Add Water

8,96,5.67,2.31,2.6048309178743967,0.6048309178743962,1.5458379373848987,1.5178767503546973,High,On,Add Alkali,Add Water

13,24,7.06,1.53,2.0363636363636366,0.37142857142857144,0.9972348993288591,0.4356946084218811,Medium,Off,No Action,Add Salts

13,24,7.06,1.53,2.0363636363636366,0.37142857142857144,0.9972348993288591,0.4356946084218811,Medium,Off,No Action,Add Salts

33,8,10.71,1.42,0.37142857142857144,0.37142857142857144,0.3834240362811791,0.42426046176046167,Off,Off,Add Acid,Add Salts

33,8,10.71,1.42,0.37142857142857144,0.37142857142857144,0.3834240362811791,0.42426046176046167,Off,Off,Add Acid,Add Salts

33,8,10.71,1.42,0.37142857142857144,0.37142857142857144,0.3834240362811791,0.42426046176046167,Off,Off,Add Acid,Add Salts

2,56,2.38,3.53,2.0186046511627906,0.37142857142857144,1.637910447761194,1.6098292958783769,Medium,Off,Add Alkali,Add Water

2,56,2.38,3.53,2.0186046511627906,0.37142857142857144,1.637910447761194,1.6098292958783769,Medium,Off,Add Alkali,Add Water

18,4,5.17,1.81,1.8029478458049886,0.40833333333333327,1.5620812301913372,0.6785777522630565,Medium,Off,Add Alkali,No Action

18,4,5.17,1.81,1.8029478458049886,0.40833333333333327,1.5620812301913372,0.6785777522630565,Medium,Off,Add Alkali,No Action

20,58,13.72,3.01,0.4595959595959596,0.4595959595959596,0.33384615384615385,1.5735820228944832,Off,Off,Add Acid,Add Water

20,58,13.72,3.01,0.4595959595959596,0.4595959595959596,0.33384615384615385,1.5735820228944832,Off,Off,Add Acid,Add Water

20,58,13.72,3.01,0.4595959595959596,0.4595959595959596,0.33384615384615385,1.5735820228944832,Off,Off,Add Acid,Add Water

36,82,8.56,4.79,0.37988505747126433,0.6201149425287356,0.44661460725769403,1.665036774217393,Off,On,Add Acid,Add Water

36,82,8.56,4.79,0.37988505747126433,0.6201149425287356,0.44661460725769403,1.665036774217393,Off,On,Add Acid,Add Water

23,38,13.67,3.7,0.4367521367521368,0.4367521367521368,0.33404079776521794,1.6204159824849478,Off,Off,Add Acid,Add Water

23,38,13.67,3.7,0.4367521367521368,0.4367521367521368,0.33404079776521794,1.6204159824849478,Off,Off,Add Acid,Add Water

23,38,13.67,3.7,0.4367521367521368,0.4367521367521368,0.33404079776521794,1.6204159824849478,Off,Off,Add Acid,Add Water

16,9,5.66,3.5,1.9502020767269788,0.34444444444444444,1.546168660197096,1.6078892371995819,Medium,Off,Add Alkali,Add Water

16,9,5.66,3.5,1.9502020767269788,0.34444444444444444,1.546168660197096,1.6078892371995819,Medium,Off,Add Alkali,Add Water

15,91,8.42,3.52,1.9999999999999998,0.6528911564625849,0.45119388295858887,1.6091849052642628,Medium,On,Add Acid,Add Water

15,91,8.42,3.52,1.9999999999999998,0.6528911564625849,0.45119388295858887,1.6091849052642628,Medium,On,Add Acid,Add Water

15,91,8.42,3.52,1.9999999999999998,0.6528911564625849,0.45119388295858887,1.6091849052642628,Medium,On,Add Acid,Add Water

38,72,8.48,2.67,0.4294117647058823,0.5705882352941177,0.44922561996044424,1.5473528054328476,Off,On,Add Acid,Add Water

38,72,8.48,2.67,0.4294117647058823,0.5705882352941177,0.44922561996044424,1.5473528054328476,Off,On,Add Acid,Add Water

0,37,7.96,2.3,2.588258877434135,0.4117411225658648,0.7108924046863048,1.517036124794712,High,Off,No Action,Add Water

0,37,7.96,2.3,2.588258877434135,0.4117411225658648,0.7108924046863048,1.517036124794712,High,Off,No Action,Add Water

0,37,7.96,2.3,2.588258877434135,0.4117411225658648,0.7108924046863048,1.517036124794712,High,Off,No Action,Add Water

7,31,5.45,1.85,2.607997557997558,0.39200244200244194,1.5530598584815452,0.9703004891684137,High,Off,Add Alkali,No Action

7,31,5.45,1.85,2.607997557997558,0.39200244200244194,1.5530598584815452,0.9703004891684137,High,Off,Add Alkali,No Action

27,12,13.26,1.83,0.40833333333333327,0.40833333333333327,0.33670235019072225,0.9141301251287447,Off,Off,Add Acid,No Action

27,12,13.26,1.83,0.40833333333333327,0.40833333333333327,0.33670235019072225,0.9141301251287447,Off,Off,Add Acid,No Action

27,12,13.26,1.83,0.40833333333333327,0.40833333333333327,0.33670235019072225,0.9141301251287447,Off,Off,Add Acid,No Action

44,86,7.3,1.12,0.36358024691358026,0.6364197530864197,0.9875675675675677,0.3951690821256038,Off,On,No Action,Add Salts

44,86,7.3,1.12,0.36358024691358026,0.6364197530864197,0.9875675675675677,0.3951690821256038,Off,On,No Action,Add Salts

30,24,9.63,4.92,0.38888888888888884,0.38888888888888884,0.41331364911839846,1.6664198102291137,Off,Off,Add Acid,Add Water

30,24,9.63,4.92,0.38888888888888884,0.38888888888888884,0.41331364911839846,1.6664198102291137,Off,Off,Add Acid,Add Water

30,24,9.63,4.92,0.38888888888888884,0.38888888888888884,0.41331364911839846,1.6664198102291137,Off,Off,Add Acid,Add Water

43,47,1.56,2.35,0.4480269989615784,0.4480269989615784,1.6531286159323542,1.5212281246764003,Off,Off,Add Alkali,Add Water

43,47,1.56,2.35,0.4480269989615784,0.4480269989615784,1.6531286159323542,1.5212281246764003,Off,Off,Add Alkali,Add Water

38,93,6.91,3.0,0.348048048048048,0.6519519519519519,1.004084690553746,1.5728360309641098,Off,On,No Action,Add Water

38,93,6.91,3.0,0.348048048048048,0.6519519519519519,1.004084690553746,1.5728360309641098,Off,On,No Action,Add Water

22,1,12.98,3.85,0.4442348008385744,0.4442348008385744,0.3395107469421684,1.6291329643820065,Off,Off,Add Acid,Add Water

22,1,12.98,3.85,0.4442348008385744,0.4442348008385744,0.3395107469421684,1.6291329643820065,Off,Off,Add Acid,Add Water

22,1,12.98,3.85,0.4442348008385744,0.4442348008385744,0.3395107469421684,1.6291329643820065,Off,Off,Add Acid,Add Water

41,3,1.14,2.13,0.338562091503268,0.338562091503268,1.659063999063999,1.0032089552238805,Off,Off,Add Alkali,No Action

41,3,1.14,2.13,0.338562091503268,0.338562091503268,1.659063999063999,1.0032089552238805,Off,Off,Add Alkali,No Action

0,36,3.54,1.26,2.591666666666667,0.40833333333333327,1.6100496972982739,0.40833333333333327,High,Off,Add Alkali,Add Salts

0,36,3.54,1.26,2.591666666666667,0.40833333333333327,1.6100496972982739,0.40833333333333327,High,Off,Add Alkali,Add Salts

0,36,3.54,1.26,2.591666666666667,0.40833333333333327,1.6100496972982739,0.40833333333333327,High,Off,Add Alkali,Add Salts

39,47,2.0,3.85,0.4480269989615784,0.4480269989615784,1.6455026455026456,1.6291329643820065,Off,Off,Add Alkali,Add Water

39,47,2.0,3.85,0.4480269989615784,0.4480269989615784,1.6455026455026456,1.6291329643820065,Off,Off,Add Alkali,Add Water

1,7,10.27,4.51,2.6626036484245432,0.337396351575456,0.39507788576754094,1.6585257518733258,High,Off,Add Acid,Add Water

1,7,10.27,4.51,2.6626036484245432,0.337396351575456,0.39507788576754094,1.6585257518733258,High,Off,Add Acid,Add Water

1,7,10.27,4.51,2.6626036484245432,0.337396351575456,0.39507788576754094,1.6585257518733258,High,Off,Add Acid,Add Water

3,43,4.89,3.86,2.5669363538295573,0.43306364617044224,1.5708995153990948,1.6296915898486397,High,Off,Add Alkali,Add Water

3,43,4.89,3.86,2.5669363538295573,0.43306364617044224,1.5708995153990948,1.6296915898486397,High,Off,Add Alkali,Add Water

33,62,12.56,2.39,0.37142857142857144,0.38620689655172413,0.3450327239900699,1.5245614035087718,Off,Off,Add Acid,Add Water

33,62,12.56,2.39,0.37142857142857144,0.38620689655172413,0.3450327239900699,1.5245614035087718,Off,Off,Add Acid,Add Water

33,62,12.56,2.39,0.37142857142857144,0.38620689655172413,0.3450327239900699,1.5245614035087718,Off,Off,Add Acid,Add Water

1,97,6.16,1.58,2.664922480620155,0.664922480620155,1.0298947368421052,0.44101104209799863,High,On,No Action,Add Salts

1,97,6.16,1.58,2.664922480620155,0.664922480620155,1.0298947368421052,0.44101104209799863,High,On,No Action,Add Salts

13,22,1.66,3.63,2.0363636363636366,0.37142857142857144,1.651514351699109,1.616143099410482,Medium,Off,Add Alkali,Add Water

13,22,1.66,3.63,2.0363636363636366,0.37142857142857144,1.651514351699109,1.616143099410482,Medium,Off,Add Alkali,Add Water

13,22,1.66,3.63,2.0363636363636366,0.37142857142857144,1.651514351699109,1.616143099410482,Medium,Off,Add Alkali,Add Water

25,25,11.13,2.2,0.4222222222222223,0.4222222222222223,0.3730732860520094,1.0094696969696968,Off,Off,Add Acid,No Action

25,25,11.13,2.2,0.4222222222222223,0.4222222222222223,0.3730732860520094,1.0094696969696968,Off,Off,Add Acid,No Action

32,54,5.47,1.94,0.40833333333333327,0.40833333333333327,1.5524080650704546,0.9795286195286197,Off,Off,Add Alkali,No Action

32,54,5.47,1.94,0.40833333333333327,0.40833333333333327,1.5524080650704546,0.9795286195286197,Off,Off,Add Alkali,No Action

32,54,5.47,1.94,0.40833333333333327,0.40833333333333327,1.5524080650704546,0.9795286195286197,Off,Off,Add Alkali,No Action

17,66,3.58,1.89,1.2645801655685078,0.4476190476190477,1.6089819065622468,0.9742857142857141,Low,Off,Add Alkali,No Action

17,66,3.58,1.89,1.2645801655685078,0.4476190476190477,1.6089819065622468,0.9742857142857141,Low,Off,Add Alkali,No Action

24,24,7.47,1.4,0.4294117647058823,0.4294117647058823,0.9816167854315123,0.42222222222222217,Off,Off,No Action,Add Salts

24,24,7.47,1.4,0.4294117647058823,0.4294117647058823,0.9816167854315123,0.42222222222222217,Off,Off,No Action,Add Salts

24,24,7.47,1.4,0.4294117647058823,0.4294117647058823,0.9816167854315123,0.42222222222222217,Off,Off,No Action,Add Salts

3,21,1.63,1.63,2.6364197530864195,0.36358024691358026,1.6520062903492798,0.44639771905187453,High,Off,Add Alkali,Add Salts

3,21,1.63,1.63,2.6364197530864195,0.36358024691358026,1.6520062903492798,0.44639771905187453,High,Off,Add Alkali,Add Salts

6,57,8.9,1.23,2.0140350877192983,0.37142857142857144,0.4356946084218811,0.40544830544830535,Medium,Off,Add Acid,Add Salts

6,57,8.9,1.23,2.0140350877192983,0.37142857142857144,0.4356946084218811,0.40544830544830535,Medium,Off,Add Acid,Add Salts

11,47,11.88,1.53,2.068048227615586,0.4480269989615784,0.35680033416875523,0.4356946084218811,Medium,Off,Add Acid,Add Salts

11,47,11.88,1.53,2.068048227615586,0.4480269989615784,0.35680033416875523,0.4356946084218811,Medium,Off,Add Acid,Add Salts

11,47,11.88,1.53,2.068048227615586,0.4480269989615784,0.35680033416875523,0.4356946084218811,Medium,Off,Add Acid,Add Salts

42,37,2.61,3.09,0.4117411225658648,0.4117411225658648,1.632911649571379,1.5794895691447413,Off,Off,Add Alkali,Add Water

42,37,2.61,3.09,0.4117411225658648,0.4117411225658648,1.632911649571379,1.5794895691447413,Off,Off,Add Alkali,Add Water

3,99,1.57,1.76,2.6555555555555554,0.6555555555555554,1.6529704950825137,0.4607122296241467,High,On,Add Alkali,Add Salts

3,99,1.57,1.76,2.6555555555555554,0.6555555555555554,1.6529704950825137,0.4607122296241467,High,On,Add Alkali,Add Salts

3,99,1.57,1.76,2.6555555555555554,0.6555555555555554,1.6529704950825137,0.4607122296241467,High,On,Add Alkali,Add Salts

38,50,6.05,2.68,0.4595959595959596,0.4595959595959596,1.2453047333455736,1.5481481481481483,Off,Off,No Action,Add Water

38,50,6.05,2.68,0.4595959595959596,0.4595959595959596,1.2453047333455736,1.5481481481481483,Off,Off,No Action,Add Water

23,40,13.29,2.02,0.4367521367521368,0.4367521367521368,0.33644679142733613,0.9888065843621399,Off,Off,Add Acid,No Action

23,40,13.29,2.02,0.4367521367521368,0.4367521367521368,0.33644679142733613,0.9888065843621399,Off,Off,Add Acid,No Action

23,40,13.29,2.02,0.4367521367521368,0.4367521367521368,0.33644679142733613,0.9888065843621399,Off,Off,Add Acid,No Action

44,36,2.18,1.17,0.40833333333333327,0.40833333333333327,1.642014731818653,0.3997815640017475,Off,Off,Add Alkali,Add Salts

44,36,2.18,1.17,0.40833333333333327,0.40833333333333327,1.642014731818653,0.3997815640017475,Off,Off,Add Alkali,Add Salts

43,73,8.87,2.26,0.4240049751243781,0.5759950248756218,0.43664625289522235,1.0140880503144654,Off,On,Add Acid,No Action

43,73,8.87,2.26,0.4240049751243781,0.5759950248756218,0.43664625289522235,1.0140880503144654,Off,On,Add Acid,No Action

43,73,8.87,2.26,0.4240049751243781,0.5759950248756218,0.43664625289522235,1.0140880503144654,Off,On,Add Acid,No Action

34,88,2.96,1.44,0.3661246612466124,0.6338753387533875,1.6247772040543123,0.42631154156577883,Off,On,Add Alkali,Add Salts

34,88,2.96,1.44,0.3661246612466124,0.6338753387533875,1.6247772040543123,0.42631154156577883,Off,On,Add Alkali,Add Salts

10,95,7.59,1.58,2.577777777777778,0.5777777777777777,0.9777082421590079,0.44101104209799863,High,On,No Action,Add Salts

10,95,7.59,1.58,2.577777777777778,0.5777777777777777,0.9777082421590079,0.44101104209799863,High,On,No Action,Add Salts

10,95,7.59,1.58,2.577777777777778,0.5777777777777777,0.9777082421590079,0.44101104209799863,High,On,No Action,Add Salts

18,87,8.19,2.46,1.8029478458049886,0.5916666666666667,0.458816029143898,1.5303498985801216,Medium,On,Add Acid,Add Water

18,87,8.19,2.46,1.8029478458049886,0.5916666666666667,0.458816029143898,1.5303498985801216,Medium,On,Add Acid,Add Water

21,36,12.07,1.58,0.45185185185185184,0.45185185185185184,0.35319628859382496,0.44101104209799863,Off,Off,Add Acid,Add Salts

21,36,12.07,1.58,0.45185185185185184,0.45185185185185184,0.35319628859382496,0.44101104209799863,Off,Off,Add Acid,Add Salts

21,36,12.07,1.58,0.45185185185185184,0.45185185185185184,0.35319628859382496,0.44101104209799863,Off,Off,Add Acid,Add Salts

35,1,2.18,3.51,0.3611111111111111,0.3611111111111111,1.642014731818653,1.6085382138088131,Off,Off,Add Alkali,Add Water

35,1,2.18,3.51,0.3611111111111111,0.3611111111111111,1.642014731818653,1.6085382138088131,Off,Off,Add Alkali,Add Water

41,83,5.46,4.66,0.37558479532163747,0.6244152046783625,1.5527340823970035,1.6625656307648644,Off,On,Add Alkali,Add Water

41,83,5.46,4.66,0.37558479532163747,0.6244152046783625,1.5527340823970035,1.6625656307648644,Off,On,Add Alkali,Add Water

41,83,5.46,4.66,0.37558479532163747,0.6244152046783625,1.5527340823970035,1.6625656307648644,Off,On,Add Alkali,Add Water

0,73,13.68,4.52,2.5759950248756223,0.5759950248756218,0.3339994795732501,1.6588315309800719,High,On,Add Acid,Add Water

0,73,13.68,4.52,2.5759950248756223,0.5759950248756218,0.3339994795732501,1.6588315309800719,High,On,Add Acid,Add Water

1,98,10.8,1.71,2.6652777777777774,0.6652777777777779,0.3811391223155929,0.4551556055493062,High,On,Add Acid,Add Salts

1,98,10.8,1.71,2.6652777777777774,0.6652777777777779,0.3811391223155929,0.4551556055493062,High,On,Add Acid,Add Salts

1,98,10.8,1.71,2.6652777777777774,0.6652777777777779,0.3811391223155929,0.4551556055493062,High,On,Add Acid,Add Salts

0,95,6.1,2.8,2.6620370370370368,0.662037037037037,1.0858698748712563,1.5575839531214783,High,On,No Action,Add Water

0,95,6.1,2.8,2.6620370370370368,0.662037037037037,1.0858698748712563,1.5575839531214783,High,On,No Action,Add Water

29,89,9.44,1.07,0.395169082125604,0.6048309178743962,0.4189883012028341,0.39066145911571776,Off,On,Add Acid,Add Salts

29,89,9.44,1.07,0.395169082125604,0.6048309178743962,0.4189883012028341,0.39066145911571776,Off,On,Add Acid,Add Salts

32,74,1.53,2.55,0.41868686868686866,0.5813131313131314,1.653598503879864,1.5377054463422493,Off,On,Add Alkali,Add Water

32,74,1.53,2.55,0.41868686868686866,0.5813131313131314,1.653598503879864,1.5377054463422493,Off,On,Add Alkali,Add Water

32,74,1.53,2.55,0.41868686868686866,0.5813131313131314,1.653598503879864,1.5377054463422493,Off,On,Add Alkali,Add Water

7,73,10.69,2.08,2.5759950248756223,0.5759950248756218,0.3839365387280033,0.9969382716049383,High,On,Add Acid,No Action

7,73,10.69,2.08,2.5759950248756223,0.5759950248756218,0.3839365387280033,0.9969382716049383,High,On,Add Acid,No Action

35,63,4.59,2.03,0.3611111111111111,0.38330046022353714,1.5801055918484734,0.9900740740740741,Off,Off,Add Alkali,No Action

35,63,4.59,2.03,0.3611111111111111,0.38330046022353714,1.5801055918484734,0.9900740740740741,Off,Off,Add Alkali,No Action

35,63,4.59,2.03,0.3611111111111111,0.38330046022353714,1.5801055918484734,0.9900740740740741,Off,Off,Add Alkali,No Action

25,38,10.6,4.94,0.4222222222222223,0.4222222222222223,0.3862637362637362,1.6665268716992854,Off,Off,Add Acid,Add Water

25,38,10.6,4.94,0.4222222222222223,0.4222222222222223,0.3862637362637362,1.6665268716992854,Off,Off,Add Acid,Add Water

12,71,10.13,1.37,2.0497716894977165,0.5650966183574879,0.3989437946291671,0.4191894240885595,Medium,On,Add Acid,Add Salts

12,71,10.13,1.37,2.0497716894977165,0.5650966183574879,0.3989437946291671,0.4191894240885595,Medium,On,Add Acid,Add Salts

12,71,10.13,1.37,2.0497716894977165,0.5650966183574879,0.3989437946291671,0.4191894240885595,Medium,On,Add Acid,Add Salts

24,22,1.77,3.53,0.4294117647058823,0.4294117647058823,1.6496557528370528,1.6098292958783769,Off,Off,Add Alkali,Add Water

24,22,1.77,3.53,0.4294117647058823,0.4294117647058823,1.6496557528370528,1.6098292958783769,Off,Off,Add Alkali,Add Water

34,44,7.69,1.72,0.4367521367521368,0.4367521367521368,0.9745913757700204,0.4562619463143023,Off,Off,No Action,Add Salts

34,44,7.69,1.72,0.4367521367521368,0.4367521367521368,0.9745913757700204,0.4562619463143023,Off,Off,No Action,Add Salts

34,44,7.69,1.72,0.4367521367521368,0.4367521367521368,0.9745913757700204,0.4562619463143023,Off,Off,No Action,Add Salts

2,58,6.1,1.01,2.0100456621004565,0.34444444444444444,1.0858698748712563,0.3853978461695503,Medium,Off,No Action,Add Salts

2,58,6.1,1.01,2.0100456621004565,0.34444444444444444,1.0858698748712563,0.3853978461695503,Medium,Off,No Action,Add Salts

43,67,7.32,4.8,0.4294117647058823,0.47333333333333333,0.9868368794326241,1.6651835372636263,Off,Off,No Action,Add Water

43,67,7.32,4.8,0.4294117647058823,0.47333333333333333,0.9868368794326241,1.6651835372636263,Off,Off,No Action,Add Water

43,67,7.32,4.8,0.4294117647058823,0.47333333333333333,0.9868368794326241,1.6651835372636263,Off,Off,No Action,Add Water

20,88,12.65,3.5,0.4595959595959596,0.5404040404040404,0.3437268320501853,1.6078892371995819,Off,On,Add Acid,Add Water

20,88,12.65,3.5,0.4595959595959596,0.5404040404040404,0.3437268320501853,1.6078892371995819,Off,On,Add Acid,Add Water

37,98,10.76,1.16,0.35204678362573094,0.647953216374269,0.3821502976190477,0.3988509105073522,Off,On,Add Acid,Add Salts

37,98,10.76,1.16,0.35204678362573094,0.647953216374269,0.3821502976190477,0.3988509105073522,Off,On,Add Acid,Add Salts

37,98,10.76,1.16,0.35204678362573094,0.647953216374269,0.3821502976190477,0.3988509105073522,Off,On,Add Acid,Add Salts

26,96,3.07,1.26,0.41519274376417237,0.5848072562358276,1.6220981699531847,0.40833333333333327,Off,On,Add Alkali,Add Salts

26,96,3.07,1.26,0.41519274376417237,0.5848072562358276,1.6220981699531847,0.40833333333333327,Off,On,Add Alkali,Add Salts

14,82,7.61,4.28,2.018352059925094,0.6201149425287356,0.9770755939524839,1.650206388518448,Medium,On,No Action,Add Water

14,82,7.61,4.28,2.018352059925094,0.6201149425287356,0.9770755939524839,1.650206388518448,Medium,On,No Action,Add Water

14,82,7.61,4.28,2.018352059925094,0.6201149425287356,0.9770755939524839,1.650206388518448,Medium,On,No Action,Add Water

34,96,10.73,3.01,0.3661246612466124,0.6338753387533875,0.38291324709046226,1.5735820228944832,Off,On,Add Acid,Add Water

34,96,10.73,3.01,0.3661246612466124,0.6338753387533875,0.38291324709046226,1.5735820228944832,Off,On,Add Acid,Add Water

40,70,10.11,3.74,0.4404761904761905,0.5595238095238095,0.3995019458655822,1.6228006189213084,Off,On,Add Acid,Add Water

40,70,10.11,3.74,0.4404761904761905,0.5595238095238095,0.3995019458655822,1.6228006189213084,Off,On,Add Acid,Add Water

40,70,10.11,3.74,0.4404761904761905,0.5595238095238095,0.3995019458655822,1.6228006189213084,Off,On,Add Acid,Add Water

17,6,9.56,2.6,1.8919464919464917,0.37142857142857144,0.4153912753912754,1.5417479939275647,Medium,Off,Add Acid,Add Water

17,6,9.56,2.6,1.8919464919464917,0.37142857142857144,0.4153912753912754,1.5417479939275647,Medium,Off,Add Acid,Add Water

13,20,10.88,3.85,2.0363636363636366,0.37142857142857144,0.3791379634857896,1.6291329643820065,Medium,Off,Add Acid,Add Water

13,20,10.88,3.85,2.0363636363636366,0.37142857142857144,0.3791379634857896,1.6291329643820065,Medium,Off,Add Acid,Add Water

42,56,7.33,3.98,0.37142857142857144,0.37142857142857144,0.9864749340369393,1.636159981233873,Off,Off,No Action,Add Water

42,56,7.33,3.98,0.37142857142857144,0.37142857142857144,0.9864749340369393,1.636159981233873,Off,Off,No Action,Add Water

42,56,7.33,3.98,0.37142857142857144,0.37142857142857144,0.9864749340369393,1.636159981233873,Off,Off,No Action,Add Water

29,64,12.49,4.3,0.395169082125604,0.4226757369614513,0.3460919926137317,1.6510217113665389,Off,Off,Add Acid,Add Water

29,64,12.49,4.3,0.395169082125604,0.4226757369614513,0.3460919926137317,1.6510217113665389,Off,Off,Add Acid,Add Water

3,51,1.49,4.02,2.122884283246978,0.46351351351351344,1.6542144820236695,1.63821542836829,Medium,Off,Add Alkali,Add Water

3,51,1.49,4.02,2.122884283246978,0.46351351351351344,1.6542144820236695,1.63821542836829,Medium,Off,Add Alkali,Add Water

3,51,1.49,4.02,2.122884283246978,0.46351351351351344,1.6542144820236695,1.63821542836829,Medium,Off,Add Alkali,Add Water

5,68,3.38,3.04,2.0491228070175436,0.5,1.614256353793926,1.5758100373681474,Medium,On,Add Alkali,Add Water

5,68,3.38,3.04,2.0491228070175436,0.5,1.614256353793926,1.5758100373681474,Medium,On,Add Alkali,Add Water

27,8,5.94,1.76,0.40833333333333327,0.40833333333333327,1.5368234341650107,0.4607122296241467,Off,Off,Add Alkali,Add Salts

27,8,5.94,1.76,0.40833333333333327,0.40833333333333327,1.5368234341650107,0.4607122296241467,Off,Off,Add Alkali,Add Salts

27,8,5.94,1.76,0.40833333333333327,0.40833333333333327,1.5368234341650107,0.4607122296241467,Off,Off,Add Alkali,Add Salts

35,81,2.35,2.13,0.384322033898305,0.6156779661016949,1.6385408708938123,1.0032089552238805,Off,On,Add Alkali,No Action

35,81,2.35,2.13,0.384322033898305,0.6156779661016949,1.6385408708938123,1.0032089552238805,Off,On,Add Alkali,No Action

34,20,5.37,4.73,0.3661246612466124,0.3661246612466124,1.5556573122377488,1.6640233511004747,Off,Off,Add Alkali,Add Water

34,20,5.37,4.73,0.3661246612466124,0.3661246612466124,1.5556573122377488,1.6640233511004747,Off,Off,Add Alkali,Add Water

34,20,5.37,4.73,0.3661246612466124,0.3661246612466124,1.5556573122377488,1.6640233511004747,Off,Off,Add Alkali,Add Water

4,69,13.82,2.15,2.2166411304051747,0.5283333333333333,0.3335482159437591,1.0051369863013697,Medium,On,Add Acid,No Action

4,69,13.82,2.15,2.2166411304051747,0.5283333333333333,0.3335482159437591,1.0051369863013697,Medium,On,Add Acid,No Action

31,37,9.65,3.2,0.4117411225658648,0.4117411225658648,0.4127228865114328,1.5874296894106137,Off,Off,Add Acid,Add Water

31,37,9.65,3.2,0.4117411225658648,0.4117411225658648,0.4127228865114328,1.5874296894106137,Off,Off,Add Acid,Add Water

34,49,2.02,3.28,0.4557084607543323,0.4557084607543323,1.6451251187836555,1.5930636413395034,Off,Off,Add Alkali,Add Water

34,49,2.02,3.28,0.4557084607543323,0.4557084607543323,1.6451251187836555,1.5930636413395034,Off,Off,Add Alkali,Add Water

34,49,2.02,3.28,0.4557084607543323,0.4557084607543323,1.6451251187836555,1.5930636413395034,Off,Off,Add Alkali,Add Water

20,14,1.4,1.02,0.4595959595959596,0.4595959595959596,1.6555555555555554,0.38626373626373617,Off,Off,Add Alkali,Add Salts

20,14,1.4,1.02,0.4595959595959596,0.4595959595959596,1.6555555555555554,0.38626373626373617,Off,Off,Add Alkali,Add Salts

23,60,7.41,1.68,0.4367521367521368,0.4367521367521368,0.9836542597187758,0.4518518518518518,Off,Off,No Action,Add Salts

23,60,7.41,1.68,0.4367521367521368,0.4367521367521368,0.9836542597187758,0.4518518518518518,Off,Off,No Action,Add Salts

23,60,7.41,1.68,0.4367521367521368,0.4367521367521368,0.9836542597187758,0.4518518518518518,Off,Off,No Action,Add Salts

7,98,10.72,2.28,2.617171717171717,0.6171717171717171,0.3831684269038354,1.015535714285714,High,On,Add Acid,No Action

7,98,10.72,2.28,2.617171717171717,0.6171717171717171,0.3831684269038354,1.015535714285714,High,On,Add Acid,No Action

44,90,7.03,4.83,0.35,0.65,0.9985951557093424,1.6655846343929013,Off,On,No Action,Add Water

44,90,7.03,4.83,0.35,0.65,0.9985951557093424,1.6655846343929013,Off,On,No Action,Add Water

44,90,7.03,4.83,0.35,0.65,0.9985951557093424,1.6655846343929013,Off,On,No Action,Add Water

34,6,6.62,2.98,0.3661246612466124,0.3661246612466124,1.0153028764805414,1.5713391271843753,Off,Off,No Action,Add Water

34,6,6.62,2.98,0.3661246612466124,0.3661246612466124,1.0153028764805414,1.5713391271843753,Off,Off,No Action,Add Water

4,76,2.85,1.41,2.591666666666667,0.5916666666666667,1.627399081459995,0.42323972323972314,High,On,Add Alkali,Add Salts

4,76,2.85,1.41,2.591666666666667,0.5916666666666667,1.627399081459995,0.42323972323972314,High,On,Add Alkali,Add Salts

4,76,2.85,1.41,2.591666666666667,0.5916666666666667,1.627399081459995,0.42323972323972314,High,On,Add Alkali,Add Salts

36,55,13.49,3.23,0.38888888888888884,0.38888888888888884,0.33498256293196366,1.5895567205690515,Off,Off,Add Acid,Add Water

36,55,13.49,3.23,0.38888888888888884,0.38888888888888884,0.33498256293196366,1.5895567205690515,Off,Off,Add Acid,Add Water

2,95,13.34,4.06,2.661437908496732,0.661437908496732,0.33604127813005097,1.6402179118773945,High,On,Add Acid,Add Water

2,95,13.34,4.06,2.661437908496732,0.661437908496732,0.33604127813005097,1.6402179118773945,High,On,Add Acid,Add Water

2,95,13.34,4.06,2.661437908496732,0.661437908496732,0.33604127813005097,1.6402179118773945,High,On,Add Acid,Add Water

14,57,11.6,4.51,1.1168550429250819,0.3564102564102564,0.3625126646403242,1.6585257518733258,Low,Off,Add Acid,Add Water

14,57,11.6,4.51,1.1168550429250819,0.3564102564102564,0.3625126646403242,1.6585257518733258,Low,Off,Add Acid,Add Water

20,50,8.89,4.56,0.4595959595959596,0.4595959595959596,0.43601156069364155,1.6600041296716912,Off,Off,Add Acid,Add Water

20,50,8.89,4.56,0.4595959595959596,0.4595959595959596,0.43601156069364155,1.6600041296716912,Off,Off,Add Acid,Add Water

22,83,7.21,3.45,0.4442348008385744,0.5557651991614255,0.9909795918367348,1.6046106160402944,Off,On,No Action,Add Water

22,83,7.21,3.45,0.4442348008385744,0.5557651991614255,0.9909795918367348,1.6046106160402944,Off,On,No Action,Add Water

22,83,7.21,3.45,0.4442348008385744,0.5557651991614255,0.9909795918367348,1.6046106160402944,Off,On,No Action,Add Water

21,89,3.57,1.8,0.45185185185185184,0.548148148148148,1.6092494481236204,0.4652014652014652,Off,On,Add Alkali,Add Salts

21,89,3.57,1.8,0.45185185185185184,0.548148148148148,1.6092494481236204,0.4652014652014652,Off,On,Add Alkali,Add Salts

36,40,1.03,4.15,0.4222222222222223,0.4222222222222223,1.660375378046611,1.6445210727969348,Off,Off,Add Alkali,Add Water

36,40,1.03,4.15,0.4222222222222223,0.4222222222222223,1.660375378046611,1.6445210727969348,Off,Off,Add Alkali,Add Water

36,40,1.03,4.15,0.4222222222222223,0.4222222222222223,1.660375378046611,1.6445210727969348,Off,Off,Add Alkali,Add Water

10,17,3.4,1.72,2.577777777777778,0.4222222222222223,1.6137362637362636,0.4562619463143023,High,Off,Add Alkali,Add Salts

10,17,3.4,1.72,2.577777777777778,0.4222222222222223,1.6137362637362636,0.4562619463143023,High,Off,Add Alkali,Add Salts

31,25,6.07,4.06,0.38282828282828285,0.38282828282828285,1.1714121666076083,1.6402179118773945,Off,Off,No Action,Add Water

31,25,6.07,4.06,0.38282828282828285,0.38282828282828285,1.1714121666076083,1.6402179118773945,Off,Off,No Action,Add Water

31,25,6.07,4.06,0.38282828282828285,0.38282828282828285,1.1714121666076083,1.6402179118773945,Off,Off,No Action,Add Water

16,92,6.66,2.05,1.9502020767269788,0.6555555555555554,1.0138848167539267,0.9927048260381592,Medium,On,No Action,No Action

16,92,6.66,2.05,1.9502020767269788,0.6555555555555554,1.0138848167539267,0.9927048260381592,Medium,On,No Action,No Action

42,10,2.38,3.5,0.3412698412698413,0.3412698412698413,1.637910447761194,1.6078892371995819,Off,Off,Add Alkali,Add Water

42,10,2.38,3.5,0.3412698412698413,0.3412698412698413,1.637910447761194,1.6078892371995819,Off,Off,Add Alkali,Add Water

42,10,2.38,3.5,0.3412698412698413,0.3412698412698413,1.637910447761194,1.6078892371995819,Off,Off,Add Alkali,Add Water

19,17,8.8,3.15,1.6063200815494394,0.45185185185185184,0.43887587822014046,1.5838475499092557,Medium,Off,Add Acid,Add Water

19,17,8.8,3.15,1.6063200815494394,0.45185185185185184,0.43887587822014046,1.5838475499092557,Medium,Off,Add Acid,Add Water

36,51,4.24,4.62,0.46351351351351344,0.46351351351351344,1.5905033045246568,1.661606391925988,Off,Off,Add Alkali,Add Water

36,51,4.24,4.62,0.46351351351351344,0.46351351351351344,1.5905033045246568,1.661606391925988,Off,Off,Add Alkali,Add Water

35,10,6.0,4.66,0.3611111111111111,0.3611111111111111,1.5347985347985347,1.6625656307648644,Off,Off,Add Alkali,Add Water

35,10,6.0,4.66,0.3611111111111111,0.3611111111111111,1.5347985347985347,1.6625656307648644,Off,Off,Add Alkali,Add Water

35,10,6.0,4.66,0.3611111111111111,0.3611111111111111,1.5347985347985347,1.6625656307648644,Off,Off,Add Alkali,Add Water

10,59,13.88,2.0,2.0044223327805417,0.4222222222222223,0.33342964151952914,0.9863547758284601,Medium,Off,Add Acid,No Action

10,59,13.88,2.0,2.0044223327805417,0.4222222222222223,0.33342964151952914,0.9863547758284601,Medium,Off,Add Acid,No Action

28,72,5.16,1.03,0.4294117647058823,0.5705882352941177,1.5623997493734336,0.3871342360160252,Off,On,Add Alkali,Add Salts

28,72,5.16,1.03,0.4294117647058823,0.5705882352941177,1.5623997493734336,0.3871342360160252,Off,On,Add Alkali,Add Salts

28,72,5.16,1.03,0.4294117647058823,0.5705882352941177,1.5623997493734336,0.3871342360160252,Off,On,Add Alkali,Add Salts

8,6,10.2,1.44,2.6048309178743967,0.395169082125604,0.3970017636684304,0.42631154156577883,High,Off,Add Acid,Add Salts

8,6,10.2,1.44,2.6048309178743967,0.395169082125604,0.3970017636684304,0.42631154156577883,High,Off,Add Acid,Add Salts

10,91,8.99,4.84,2.577777777777778,0.5777777777777777,0.4328539708972682,1.6657050559687474,High,On,Add Acid,Add Water

10,91,8.99,4.84,2.577777777777778,0.5777777777777777,0.4328539708972682,1.6657050559687474,High,On,Add Acid,Add Water

10,91,8.99,4.84,2.577777777777778,0.5777777777777777,0.4328539708972682,1.6657050559687474,High,On,Add Acid,Add Water

9,2,10.84,2.6,2.591666666666667,0.40833333333333327,0.38013498312710914,1.5417479939275647,High,Off,Add Acid,Add Water

9,2,10.84,2.6,2.591666666666667,0.40833333333333327,0.38013498312710914,1.5417479939275647,High,Off,Add Acid,Add Water

11,72,7.52,3.87,2.11697687535251,0.5632478632478632,0.9799633027522936,1.6302472833062378,Medium,On,No Action,Add Water

11,72,7.52,3.87,2.11697687535251,0.5632478632478632,0.9799633027522936,1.6302472833062378,Medium,On,No Action,Add Water

11,72,7.52,3.87,2.11697687535251,0.5632478632478632,0.9799633027522936,1.6302472833062378,Medium,On,No Action,Add Water

5,83,1.61,1.97,2.624415204678363,0.6244152046783625,1.652330623306233,0.9828545618789521,High,On,Add Alkali,No Action

5,83,1.61,1.97,2.624415204678363,0.6244152046783625,1.652330623306233,0.9828545618789521,High,On,Add Alkali,No Action

5,75,13.17,4.52,2.5865384615384617,0.5865384615384616,0.3375229580976707,1.6588315309800719,High,On,Add Acid,Add Water

5,75,13.17,4.52,2.5865384615384617,0.5865384615384616,0.3375229580976707,1.6588315309800719,High,On,Add Acid,Add Water

5,75,13.17,4.52,2.5865384615384617,0.5865384615384616,0.3375229580976707,1.6588315309800719,High,On,Add Acid,Add Water

19,24,7.54,4.91,1.6063200815494394,0.45185185185185184,0.9793122171945701,1.6663552838965132,Medium,Off,No Action,Add Water

19,24,7.54,4.91,1.6063200815494394,0.45185185185185184,0.9793122171945701,1.6663552838965132,Medium,Off,No Action,Add Water

23,12,5.76,4.21,0.4367521367521368,0.4367521367521368,1.542851171816689,1.6472261159393202,Off,Off,Add Alkali,Add Water

23,12,5.76,4.21,0.4367521367521368,0.4367521367521368,1.542851171816689,1.6472261159393202,Off,Off,Add Alkali,Add Water

23,12,5.76,4.21,0.4367521367521368,0.4367521367521368,1.542851171816689,1.6472261159393202,Off,Off,Add Alkali,Add Water

26,10,6.73,3.51,0.41519274376417237,0.41519274376417237,1.0113185595567866,1.6085382138088131,Off,Off,No Action,Add Water

26,10,6.73,3.51,0.41519274376417237,0.41519274376417237,1.0113185595567866,1.6085382138088131,Off,Off,No Action,Add Water

37,9,9.65,3.63,0.35204678362573094,0.35204678362573094,0.4127228865114328,1.616143099410482,Off,Off,Add Acid,Add Water

37,9,9.65,3.63,0.35204678362573094,0.35204678362573094,0.4127228865114328,1.616143099410482,Off,Off,Add Acid,Add Water

37,9,9.65,3.63,0.35204678362573094,0.35204678362573094,0.4127228865114328,1.616143099410482,Off,Off,Add Acid,Add Water

21,95,2.53,4.77,0.45185185185185184,0.548148148148148,1.6346829560785487,1.6647240277624764,Off,On,Add Alkali,Add Water

21,95,2.53,4.77,0.45185185185185184,0.548148148148148,1.6346829560785487,1.6647240277624764,Off,On,Add Alkali,Add Water

30,64,6.43,2.26,0.38888888888888884,0.41666666666666663,1.0216541019955656,1.0140880503144654,Off,Off,No Action,No Action

30,64,6.43,2.26,0.38888888888888884,0.41666666666666663,1.0216541019955656,1.0140880503144654,Off,Off,No Action,No Action

30,64,6.43,2.26,0.38888888888888884,0.41666666666666663,1.0216541019955656,1.0140880503144654,Off,Off,No Action,No Action

38,82,6.48,3.76,0.37988505747126433,0.6201149425287356,1.0200366972477064,1.6239769004386695,Off,On,No Action,Add Water

38,82,6.48,3.76,0.37988505747126433,0.6201149425287356,1.0200366972477064,1.6239769004386695,Off,On,No Action,Add Water

7,1,13.59,2.92,2.617171717171717,0.38282828282828285,0.33441359809780863,1.5668097678068595,High,Off,Add Acid,Add Water

7,1,13.59,2.92,2.617171717171717,0.38282828282828285,0.33441359809780863,1.5668097678068595,High,Off,Add Acid,Add Water

7,20,13.88,4.74,2.617171717171717,0.38282828282828285,0.33342964151952914,1.664207769532955,High,Off,Add Acid,Add Water

7,20,13.88,4.74,2.617171717171717,0.38282828282828285,0.33342964151952914,1.664207769532955,High,Off,Add Acid,Add Water

7,20,13.88,4.74,2.617171717171717,0.38282828282828285,0.33342964151952914,1.664207769532955,High,Off,Add Acid,Add Water

15,67,6.91,1.4,1.3684141595569526,0.47333333333333333,1.004084690553746,0.42222222222222217,Low,Off,No Action,Add Salts

15,67,6.91,1.4,1.3684141595569526,0.47333333333333333,1.004084690553746,0.42222222222222217,Low,Off,No Action,Add Salts

32,30,7.2,4.84,0.38888888888888884,0.38888888888888884,0.9913725490196079,1.6657050559687474,Off,Off,No Action,Add Water

32,30,7.2,4.84,0.38888888888888884,0.38888888888888884,0.9913725490196079,1.6657050559687474,Off,Off,No Action,Add Water

32,30,7.2,4.84,0.38888888888888884,0.38888888888888884,0.9913725490196079,1.6657050559687474,Off,Off,No Action,Add Water

38,40,6.56,1.58,0.4222222222222223,0.4222222222222223,1.0173721682847896,0.44101104209799863,Off,Off,No Action,Add Salts

38,40,6.56,1.58,0.4222222222222223,0.4222222222222223,1.0173721682847896,0.44101104209799863,Off,Off,No Action,Add Salts

6,21,8.03,4.56,2.6285714285714286,0.37142857142857144,0.4641880530161177,1.6600041296716912,High,Off,Add Acid,Add Water

6,21,8.03,4.56,2.6285714285714286,0.37142857142857144,0.4641880530161177,1.6600041296716912,High,Off,Add Acid,Add Water

6,21,8.03,4.56,2.6285714285714286,0.37142857142857144,0.4641880530161177,1.6600041296716912,High,Off,Add Acid,Add Water

4,64,13.18,1.91,2.027586206896552,0.4,0.33742784070149795,0.9763435776201732,Medium,Off,Add Acid,No Action

4,64,13.18,1.91,2.027586206896552,0.4,0.33742784070149795,0.9763435776201732,Medium,Off,Add Acid,No Action

18,88,1.57,4.51,1.8029478458049886,0.5916666666666667,1.6529704950825137,1.6585257518733258,Medium,On,Add Alkali,Add Water

18,88,1.57,4.51,1.8029478458049886,0.5916666666666667,1.6529704950825137,1.6585257518733258,Medium,On,Add Alkali,Add Water

0,6,13.85,4.28,2.6636363636363636,0.33636363636363636,0.33348318348318345,1.650206388518448,High,Off,Add Acid,Add Water

0,6,13.85,4.28,2.6636363636363636,0.33636363636363636,0.33348318348318345,1.650206388518448,High,Off,Add Acid,Add Water

0,6,13.85,4.28,2.6636363636363636,0.33636363636363636,0.33348318348318345,1.650206388518448,High,Off,Add Acid,Add Water

29,53,1.7,4.96,0.4294117647058823,0.4294117647058823,1.650848385331144,1.6666041129095317,Off,Off,Add Alkali,Add Water

29,53,1.7,4.96,0.4294117647058823,0.4294117647058823,1.650848385331144,1.6666041129095317,Off,Off,Add Alkali,Add Water

8,48,7.15,2.4,2.548148148148148,0.45185185185185184,0.9933846153846153,1.5253918495297802,High,Off,No Action,Add Water

8,48,7.15,2.4,2.548148148148148,0.45185185185185184,0.9933846153846153,1.5253918495297802,High,Off,No Action,Add Water

8,48,7.15,2.4,2.548148148148148,0.45185185185185184,0.9933846153846153,1.5253918495297802,High,Off,No Action,Add Water

28,9,12.2,2.07,0.40165484633569737,0.40165484633569737,0.3508658008658008,0.9954838709677416,Off,Off,Add Acid,No Action

28,9,12.2,2.07,0.40165484633569737,0.40165484633569737,0.3508658008658008,0.9954838709677416,Off,Off,Add Acid,No Action

35,50,13.58,3.11,0.4595959595959596,0.4595959595959596,0.33446540880503145,1.5809492957070526,Off,Off,Add Acid,Add Water

35,50,13.58,3.11,0.4595959595959596,0.4595959595959596,0.33446540880503145,1.5809492957070526,Off,Off,Add Acid,Add Water

35,50,13.58,3.11,0.4595959595959596,0.4595959595959596,0.33446540880503145,1.5809492957070526,Off,Off,Add Acid,Add Water

26,53,10.3,3.62,0.4294117647058823,0.4294117647058823,0.39425901201602137,1.6155226125255129,Off,Off,Add Acid,Add Water

26,53,10.3,3.62,0.4294117647058823,0.4294117647058823,0.39425901201602137,1.6155226125255129,Off,Off,Add Acid,Add Water

11,41,12.12,2.04,2.11697687535251,0.4367521367521368,0.3522865722865723,0.9913725490196079,Medium,Off,Add Acid,No Action

11,41,12.12,2.04,2.11697687535251,0.4367521367521368,0.3522865722865723,0.9913725490196079,Medium,Off,Add Acid,No Action

31,15,5.21,2.28,0.38282828282828285,0.38282828282828285,1.560804570804571,1.015535714285714,Off,Off,Add Alkali,No Action

31,15,5.21,2.28,0.38282828282828285,0.38282828282828285,1.560804570804571,1.015535714285714,Off,Off,Add Alkali,No Action

31,15,5.21,2.28,0.38282828282828285,0.38282828282828285,1.560804570804571,1.015535714285714,Off,Off,Add Alkali,No Action

8,68,4.46,3.07,2.0491228070175436,0.5,1.584012299509682,1.5780228933152471,Medium,On,Add Alkali,Add Water

8,68,4.46,3.07,2.0491228070175436,0.5,1.584012299509682,1.5780228933152471,Medium,On,Add Alkali,Add Water

27,17,4.03,4.04,0.40833333333333327,0.40833333333333327,1.5965509649009197,1.6392233934846046,Off,Off,Add Alkali,Add Water

27,17,4.03,4.04,0.40833333333333327,0.40833333333333327,1.5965509649009197,1.6392233934846046,Off,Off,Add Alkali,Add Water

27,17,4.03,4.04,0.40833333333333327,0.40833333333333327,1.5965509649009197,1.6392233934846046,Off,Off,Add Alkali,Add Water

44,19,1.01,1.73,0.35872011251758085,0.35872011251758085,1.660602223411212,0.4573707986240623,Off,Off,Add Alkali,Add Salts

44,19,1.01,1.73,0.35872011251758085,0.35872011251758085,1.660602223411212,0.4573707986240623,Off,Off,Add Alkali,Add Salts

20,23,3.63,3.43,0.4595959595959596,0.4595959595959596,1.6076383102629574,1.6032837049037003,Off,Off,Add Alkali,Add Water

20,23,3.63,3.43,0.4595959595959596,0.4595959595959596,1.6076383102629574,1.6032837049037003,Off,Off,Add Alkali,Add Water

20,23,3.63,3.43,0.4595959595959596,0.4595959595959596,1.6076383102629574,1.6032837049037003,Off,Off,Add Alkali,Add Water

41,64,13.17,1.79,0.37142857142857144,0.4,0.3375229580976707,0.4640755702452361,Off,Off,Add Acid,Add Salts

41,64,13.17,1.79,0.37142857142857144,0.4,0.3375229580976707,0.4640755702452361,Off,Off,Add Acid,Add Salts

19,1,8.13,3.31,1.6063200815494394,0.45185185185185184,0.4608239908239909,1.595144366814414,Medium,Off,Add Acid,Add Water

19,1,8.13,3.31,1.6063200815494394,0.45185185185185184,0.4608239908239909,1.595144366814414,Medium,Off,Add Acid,Add Water

19,1,8.13,3.31,1.6063200815494394,0.45185185185185184,0.4608239908239909,1.595144366814414,Medium,Off,Add Acid,Add Water

2,42,3.9,3.52,2.5705882352941174,0.4294117647058823,1.6002184359982525,1.6091849052642628,High,Off,Add Alkali,Add Water

2,42,3.9,3.52,2.5705882352941174,0.4294117647058823,1.6002184359982525,1.6091849052642628,High,Off,Add Alkali,Add Water

7,26,2.68,3.58,2.617171717171717,0.38282828282828285,1.6313341204250293,1.6130161770966365,High,Off,Add Alkali,Add Water

7,26,2.68,3.58,2.617171717171717,0.38282828282828285,1.6313341204250293,1.6130161770966365,High,Off,Add Alkali,Add Water

7,26,2.68,3.58,2.617171717171717,0.38282828282828285,1.6313341204250293,1.6130161770966365,High,Off,Add Alkali,Add Water

40,42,12.01,1.96,0.4294117647058823,0.4294117647058823,0.35430955029397737,0.9817283950617283,Off,Off,Add Acid,No Action
